service,price_usd,duration,notes
Chin wax,15,15 minutes,
Bigote / Lip Wax,10,10 minutes,
Shape & Wax,30,30 minutes,"Avoid when using Retinol, Retin-A/Tretinoin, Accutane/Isotretinoin, strong acne treatments, or soon after chemical peels, microdermabrasion, or exfoliating treatments."
"Shape, wax & tint",45,1 hour,
Mantenimiento Lami (Brow Lami Maintenance),45,1 hour,
Laminado & wax (no tint),80,1 hour 15 minutes,"Not recommended with Retinol, Retin-A/Tretinoin, Accutane/Isotretinoin, strong exfoliating acids, or active acne treatment around the brows."
Laminado con tinte (Lamination with tint),95,2 hours,"Avoid when using Retinol, Retin-A/Tretinoin, Accutane/Isotretinoin, strong acne treatments, or soon after chemical peels, microdermabrasion, or exfoliating treatments."
K - Lash Lifting,115,1 hour 30 minutes,
K Lash Lifting & Depilacion Cejas (Eyebrow Wax),120,2 hours,
K - Lash Lifting & Tinte En Las Cejas (Eyebrow Tint),135,2 hours 30 minutes,
K Lash Lifting & Laminado (No Tinte),165,2 hours 30 minutes,
K Lash Lifting & Laminado con color (Lami with tint),185,3 hours,"Current site spells 'Lifting' incorrectly in this listing. Same treatment cautions appear as above."
Hidratacion de pestañas + Tint,20,15 minutes,
Hidratacion de pestañas con,15,15 minutes,"Service name appears incomplete on the current site; confirm the intended name with the owner."
